patient_id,first_name,last_name,gender,dob,city,philhealth_no,contact_number,blood_type,date_registered,assigned_branch
P0001,Gabriel,Castillo,MALE,11/24/1990,Iloilo City,PH9963334018,09553035110,B-,2015-01-03,H009
P0002,Sofia,Delos Santos,F,2007-03-23,Mabalacat,PH6756332150,09266944844,O-,2018-06-04,H002
P0003,Kenneth,Torres,M,20-11-1967,San Fernando,PH3479708607,09856528252,B-,2016-01-22,H005
P0004,Isabella,Co,F,1972-11-09,Iligan,PH3783290795,09754049436,B-,2017-09-24,H008
P0005,Juan,Lim,M,23-10-1972,Tanauan,PH7439149233,09790256940,AB+,2022-03-09,H009
P0006,Cristina,Legaspi,F,1982-02-05,Tagum,PH8217611860,09740389325,A+,2016-07-13,H008
P0007,Kenneth,Delos Santos,M,1958-03-15,Manila,PH4919706735,09771410971,B+,2019-11-17,H003
P0008,Jerome,Reyes,M,1993-05-08,Quezon City,PH1338258951,09885879795,,2022-02-25,H003
P0009,Joshua,Chan,M,1980-12-23,Las Pinas,PH8357059814,09528414718,O-,2020-08-17,H004
P0010,Jose,Ocampo,M,06/03/1983,Lapu-Lapu,PH6317189421,09818309417,B-,2022-04-18,H010
P0011,Marites,Chan,F,1956-12-02,Cagayan de Oro,PH3775320897,09165082363,B-,2021-12-11,H002
P0012,Andres,Macaraeg,M,1976-02-15,Iloilo City,PH1420514789,09800235246,,2023-01-03,H004
P0013,Emmanuel,Bautista,M,1961-05-26,Cebu City,PH6520103410,09847959430,A+,2023-11-23,H004
P0014,Juan,Bautista,M,1952-03-02,Lapu-Lapu,PH1798112150,09738914080,B-,2016-11-28,H002
P0015,Christian,Manalo,M,1967-04-22,Iligan,PH2349409434,09385201412,A-,2021-03-22,H008
P0016,Rafael,Legaspi,M,02/08/1963,San Fernando,PH2224011538,09570497096,,2023-12-10,H009
P0017,Marites,Gutierrez,F,18-12-1979,Pasig,PH6464693977,09749431082,O+,2018-12-11,H005
P0018,Christian,Delos Santos,M,1977-11-09,Paranaque,PH8478529823,09692362342,O-,2021-09-01,H003
P0019,Juan,Aguilar,M,12-01-1961,Las Pinas,PH3929454134,09816114302,B+,2016-06-25,H007
P0020,Levi,dela Cruz,M,1964-07-26,Cagayan de Oro,PH4482141802,09386480450,B-,2017-12-04,H001
P0021,Luz,Castillo,F,1973-07-11,Batangas City,PH4712367625,09930353157,A+,2019-06-21,H009
P0022,Jennifer,Cruz,F,1963-12-26,Tanauan,PH5791662169,09719106699,B-,2018-05-02,H001
P0023,Joaquin,Tan,M,1967-02-24,Lipa,PH7473041886,09816070802,,2021-06-13,H009
P0024,Blessie,dela Cruz,F,1985-05-10,Las Pinas,PH8106906538,09599277266,B+,2022-08-22,H008
P0025,Isabella,Tan,F,04/22/1996,Lipa,PH1855256552,09126226563,B-,2015-04-16,H002
P0026,Maricel,Flores,F,2007-02-25,Mabalacat,PH1939915527,09963406382,AB-,2023-08-02,H002
P0027,Blessie,Dela Torre,F,1950-08-06,Mandaue,PH7228002201,09907214179,B-,2018-11-09,H009
P0028,Gabriel,Delos Santos,M,1951-02-05,Pasig,PH6288227800,09845122940,AB-,2017-12-07,H007
P0029,Dennis,Manalo,M,2005-10-13,Mandaue,PH6805759868,09909037759,B-,2021-07-18,H009
P0030,Maria,Uy,F,1964-07-24,Paranaque,PH8904911624,09237039296,,2023-01-13,H001
P0031,Jennifer,Uy,F,1965-06-25,Angeles City,PH7105574449,09996478772,O-,2016-08-01,H001
P0032,Ryan,Cruz,M,04/27/2004,Manila,PH3668616333,09356135680,O+,2017-08-22,H004
P0033,Elijah,Torres,M,1987-02-19,Manila,PH9284507318,09718257024,B-,2021-07-23,H010
P0034,Gabrielle,Torres,F,1958-11-12,Makati,PH2465576748,09551034639,AB+,2022-02-14,H008
P0035,Maribel,Padilla,F,11-05-1948,Muntinlupa,PH5667181604,09584044963,AB-,2018-08-19,H007
P0036,Felix,Gonzales,M,1947-12-09,Iloilo City,PH9633533290,09305145276,AB-,2016-04-24,H009
P0037,Maria,Garcia,F,1970-05-22,Passi,PH6879898071,09694287057,AB-,2023-06-14,H009
P0038,Theresa,Ramos,F,1951-12-06,Las Pinas,PH7374584386,09878017216,O-,2023-10-10,H004
P0039,Angelo,Delos Santos,M,2002-09-10,Iligan,PH5054834021,09784907325,AB-,2022-02-28,H013
P0040,Joshua,Pangilinan,M,07/16/1993,Makati,PH3948284698,09262915636,,2017-10-10,H004
P0041,Dennis,Dela Torre,M,1948-07-10,Passi,PH3667292043,09754586204,,2016-04-21,H002
P0042,Christian,Dela Torre,M,1971-05-23,Lipa,PH2950049698,09838073939,B-,2018-05-26,H010
P0043,Joaquin,Delos Santos,M,1975-05-20,Passi,PH9251459094,09571537429,AB-,2016-08-23,H007
P0044,Elijah,Lim,M,November 27 1971,Passi,PH8822944679,09718740490,B+,2015-03-16,H008
P0045,Melinda,Garcia,F,1964-06-22,Taguig,PH4683935600,09454123990,A+,2021-12-16,H007
P0046,Marites,Chua,F,2007-09-15,Mabalacat,PH1232804774,09656670062,B-,2020-10-25,H008
P0047,Patrick,Soriano,M,1945-10-26,Muntinlupa,PH4048494026,09433665422,A-,2023-01-18,H004
P0048,Angelo,Soriano,M,27-07-1968,Mandaue,PH9505085936,09361704064,B+,2022-09-05,H010
P0049,Corazon,Ang,F,09-09-1964,Manila,PH5933179746,09678296492,O-,2022-06-11,H009
P0050,Gabriel,Ang,M,1955-12-26,Angeles City,PH5212581851,09631855083,AB-,2015-03-17,H006
P0051,Leonora,Flores,female,June 20 1969,Iligan,PH7586857685,09440012324,O+,2022-09-02,H004
P0052,Carlo,Mendoza,M,1966-01-02,Tanauan,PH4419410162,09415001254,B+,2020-06-14,H009
P0053,Dennis,Morales,M,1944-03-08,Cebu City,PH8034746821,09593460064,B+,2019-11-01,H008
P0054,Precious,Chan,F,04/13/1966,Mandaue,PH1458072318,09509486794,,2020-10-10,H005
P0055,Sofia,Bautista,F,1944-05-25,Muntinlupa,PH2513206988,09783563240,A+,2018-10-09,H003
P0056,Theresa,Gutierrez,FEMALE,24-06-1996,Mabalacat,PH1754368373,09241905500,O+,2023-06-17,H005
P0057,Precious,Tan,F,1981-03-25,Muntinlupa,PH9503787171,09963919401,A-,2023-06-03,H001
P0058,Luz,Co,F,1994-08-01,Davao City,PH7706193636,09755070775,O+,2018-11-03,H008
P0059,Juan,Aguilar,M,09/05/1970,Angeles City,PH7243352390,09819929088,A-,2023-07-19,H003
P0060,Jennifer,Cruz,F,1957-04-28,San Fernando,PH8239941612,09684615760,AB-,2020-01-13,H002
P0061,Bryan,Reyes,M,04/05/2001,Passi,PH1881351238,09991010113,B+,2023-04-19,H004
P0062,Angelo,Gutierrez,M,02/22/1975,Manila,PH1566090561,09484659715,,2018-10-11,H013
P0063,Jerome,Dela Torre,M,1979-08-17,Muntinlupa,PH9776185998,09940983577,,2023-05-15,H001
P0064,Marites,Soriano,F,1980-06-20,Pasig,PH1282103057,09395296179,AB-,2023-12-11,H010
P0065,Patricia,Torres,F,1971-07-11,Cebu City,PH7007500393,09883415470,B+,2016-06-14,H005
P0066,Luz,Garcia,F,1962-03-18,Quezon City,PH5819946657,09479673044,A-,2021-12-02,H010
P0067,Jerome,Castillo,M,1950-06-04,Batangas City,PH3465740756,09966747347,A+,2021-09-25,H010
P0068,Patricia,Aguilar,FEMALE,1974-03-19,Cagayan de Oro,PH2721355673,09252336745,O-,2015-02-24,H007
P0069,Veronica,Tolentino,F,1997-03-06,Davao City,PH9803662851,09187597497,O+,2019-08-22,H010
P0070,Carlo,Navarro,M,1966-01-08,Angeles City,PH1235286733,09319497661,A-,2019-04-25,H005
P0071,Michelle,Padilla,F,1943-06-03,Angeles City,PH5476654128,09120123575,AB+,2022-02-28,H007
P0072,Lorena,Macaraeg,FEMALE,1979-04-14,Passi,PH5632753983,09433154770,A-,2020-04-11,H002
P0073,Felix,Sy,M,1976-05-07,Paranaque,PH3587283948,09916274954,AB-,2016-03-25,H008
P0074,Isabella,Lim,F,1955-08-21,Lipa,PH8715177240,09735032128,A+,2015-06-17,H008
P0075,Corazon,Garcia,F,26-09-1948,Quezon City,PH3799620568,09445236735,,2022-09-05,H008
P0076,Rizalina,Legaspi,F,08/17/1957,Lapu-Lapu,PH3619094295,09490732457,A+,2020-05-13,H006
P0077,Marites,Dizon,F,10/28/1943,Pasig,PH2431779064,09725711790,,2017-06-10,H007
P0078,Dennis,Tan,M,1991-12-22,Lapu-Lapu,PH9991312028,09819896690,,2021-09-12,H013
P0079,Cristina,Flores,F,09/25/1979,Iloilo City,PH9752058817,09461597989,B+,2017-10-13,H003
P0080,Nathan,Morales,M,12/26/1951,Cebu City,PH6322188162,09968253265,AB-,2022-04-12,H010
P0081,Leonora,Aquino,F,1982-03-28,Batangas City,PH9814045133,09616030284,O+,2020-09-04,H009
P0082,Emmanuel,Legaspi,M,1989-02-08,Cebu City,PH9094423237,09128636900,A-,2021-01-13,H004
P0083,Carlo,Tan,M,1967-08-23,Pasig,PH7309779967,09760725160,AB+,2015-02-01,H003
P0084,Marites,Bautista,F,1946-08-03,Taguig,PH3302333490,09778556450,O-,2023-10-08,H005
P0085,Camille,Garcia,F,1952-09-17,Lapu-Lapu,PH3380064537,09519246503,A+,2022-01-21,H006
P0086,Elijah,Mendoza,M,1963-09-11,Tagum,PH8281641403,09778321204,,2017-03-03,H008
P0087,Ramon,Aguilar,M,1957-09-16,Batangas City,PH3778416511,09407209235,,2020-01-28,H005
P0088,Blessie,Uy,F,1964-08-23,Mandaue,PH9944748312,09555803043,O-,2016-07-20,H003
P0089,Precious,Dela Torre,F,1957-06-15,Quezon City,PH9210290540,09760191749,,2021-05-21,H001
P0090,Theresa,Aquino,F,1947-11-26,Cebu City,PH1149460439,09172191273,,2018-11-12,H010
P0091,Karen,Dela Torre,F,1952-06-13,Tanauan,PH8084809436,09368018471,A-,2016-01-24,H009
P0092,Rowena,Navarro,F,1977-02-15,Paranaque,PH9868845806,09682152066,B-,2019-05-28,H003
P0093,Gabriel,Soriano,M,06/15/1949,Iloilo City,PH4797809576,09170596494,AB+,2019-07-23,H009
P0094,Ramon,Ocampo,M,1952-06-05,Iloilo City,PH5150074940,09564520346,B+,2023-01-27,H003
P0095,Vincent,Navarro,M,1945-09-09,Pasig,PH7979417888,09759737342,B+,2023-02-17,H010
P0096,Sofia,Cruz,F,1944-10-09,Tagum,PH7752277876,09763688866,AB+,2015-08-21,H005
P0097,Miguel,Dela Torre,M,1972-06-20,Pasig,PH8380312396,09888340979,O-,2020-07-05,H009
P0098,Gabriel,Flores,M,1961-10-14,Muntinlupa,PH4875395503,09973465185,AB-,2020-10-24,H003
P0099,Rizalina,Chua,F,04/19/1970,San Fernando,PH1208985103,09402104065,A+,2022-10-27,H008
P0100,Jennifer,Co,F,1960-01-19,Iloilo City,PH6131005449,09694018597,A-,2019-02-13,H009
P0101,Levi,Tan,M,1961-04-20,Lapu-Lapu,PH1172893522,09141783553,B+,2017-12-11,H009
P0102,Gabrielle,Aguilar,F,1953-09-16,Iligan,PH7712708591,09609912042,A+,2015-06-11,H007
P0103,Fe,Manalo,F,1978-10-16,Paranaque,PH2632905061,09982252092,,2018-01-19,H002
P0104,Patricia,Villanueva,F,August 28 1946,Quezon City,PH4031281545,09656931857,O-,2018-09-11,H008
P0105,Angelica,Padilla,F,1962-12-22,Tagum,PH3079537716,09364697908,B-,2019-09-10,H005
P0106,Karen,Dizon,F,1949-11-18,Angeles City,PH5924077461,09145168545,AB-,2019-12-03,H008
P0107,Patricia,Delos Santos,F,04/08/1948,Quezon City,PH3280805846,09784987769,,2018-01-04,H008
P0108,Joaquin,Aquino,M,1955-08-16,Tagum,PH9434946584,09444851196,B-,2019-11-02,H002
P0109,Miguel,Ang,M,January 27 1985,Angeles City,PH8679232444,09300050585,,2019-01-01,H010
P0110,Isabella,Padilla,F,03/28/1944,Lapu-Lapu,PH7305101214,09307029662,A+,2016-06-06,H005
P0111,Veronica,Ramos,F,1985-11-13,Mabalacat,PH7508080884,09193133974,B-,2021-11-04,H003
P0112,Veronica,Delos Santos,F,1949-01-09,Tagum,PH2014911848,09817029885,O+,2016-08-10,H009
P0113,Maricel,Castillo,F,12/20/1956,San Fernando,PH9941564880,09579691987,,2023-12-12,H010
P0114,Angelo,Aquino,M,1966-08-04,Cagayan de Oro,PH7799567490,09197647841,AB-,2023-08-26,H003
P0115,Precious,Reyes,F,December 07 1985,Passi,PH1313659437,09554941605,A-,2020-12-03,H001
P0116,Lorena,Gutierrez,f,1961-08-28,Angeles City,PH2613385303,09833076128,,2023-03-21,H002
P0117,Gabriel,Santos,M,2005-08-22,Iloilo City,PH1986399651,09594592624,,2020-03-09,H002
P0118,Marco,Mendoza,M,April 24 1982,Quezon City,PH7022683808,09351619881,,2023-04-25,H001
P0119,Elijah,Tolentino,M,1965-04-10,Pasig,PH3238756255,09544056890,B+,2019-05-02,H010
P0120,Ana,Sy,F,23-06-1959,Mabalacat,PH2753459822,09422002819,O+,2021-03-25,H004
P0121,Joaquin,Bautista,M,1955-09-17,Pasig,PH2668247132,09373799489,A-,2018-06-21,H008
P0122,Dennis,Cruz,M,12/22/1948,Iloilo City,PH6227046160,09324292944,A-,2020-05-01,H004
P0123,Patricia,Villanueva,F,09/11/1957,Lipa,PH6929897032,09673002461,AB-,2020-05-09,H008
P0124,Karen,Lim,F,1971-12-05,Manila,PH7088451458,09263650505,O-,2018-06-08,H004
P0125,Isabella,Soriano,F,03/05/1963,Iloilo City,PH3097302637,09682115008,A+,2015-09-02,H002
P0126,Isabella,Castillo,F,1999-01-07,Lapu-Lapu,PH7253513875,09164907817,A+,2022-11-16,H015
P0127,Precious,Reyes,F,November 14 1943,Paranaque,PH1639509845,09306085476,,2023-05-27,H007
P0128,Patricia,Castillo,F,1969-02-21,Tagum,PH4262396395,09200395400,B+,2021-07-13,H001
P0129,Angelica,Tolentino,F,1995-01-08,Las Pinas,PH7729286656,09391086098,A+,2015-02-22,H009
P0130,Sofia,Flores,female,1957-05-06,Passi,PH6719736115,09911329267,,2017-12-24,H006
P0131,Isaiah,Chua,M,08/16/1968,Muntinlupa,PH9337145038,09563693201,O+,2017-11-19,H002
P0132,Angelo,Uy,M,1988-06-12,Taguig,PH1393077279,09430999662,,2022-06-25,H003
P0133,Rizalina,Sy,F,1965-07-01,Lipa,PH7072268003,09936626463,B+,2016-12-18,H004
P0134,Eduardo,Delos Santos,M,1975-07-09,Mabalacat,PH6582393412,09940381893,B-,2016-06-09,H008
P0135,Dennis,Tan,M,1959-06-15,Tanauan,PH3552898167,09422589929,,2020-10-23,H006
P0136,Patricia,Soriano,F,1968-07-12,Taguig,PH8418324922,09860603328,AB+,2018-08-26,H002
P0137,Gabriel,Gonzales,M,1988-07-03,Cebu City,PH8265834251,09683734594,A-,2015-06-23,H009
P0138,Felix,Aquino,M,1944-11-21,Angeles City,PH8714753670,09213757100,B-,2015-02-09,H009
P0139,Camille,Manalo,F,1984-08-04,Lipa,PH5130589741,09224628497,O-,2017-06-10,H004
P0140,Cynthia,Lim,F,1978-01-28,Tanauan,PH3783009621,09827072823,,2017-12-08,H009
P0141,Michelle,dela Cruz,F,1984-07-13,Manila,PH4792874364,09582727494,A-,2021-07-01,H004
P0142,Rafael,Macaraeg,M,21-09-1954,Tanauan,PH7858937483,09756387421,O+,2021-10-04,H008
P0143,Ramon,Torres,M,1974-06-23,Pasig,PH7488943393,09549080818,B+,2017-10-13,H008
P0144,Lorena,Lim,F,06/01/1950,Mandaue,PH1586412136,09975331448,AB+,2021-09-17,H007
P0145,Rizalina,Tolentino,F,2004-04-10,Quezon City,PH2180484299,09677252858,A-,2019-03-25,H008
P0146,Luz,Co,F,2002-08-18,Las Pinas,PH9546021691,09209968815,A-,2018-05-28,H008
P0147,Gabriel,Villanueva,M,1963-10-21,Mabalacat,PH9844874547,09476685251,O+,2023-05-20,H006
P0148,Rosario,Mendoza,F,1990-07-02,Batangas City,PH4719780110,09368088898,O+,2017-12-11,H007
P0149,Isabella,Garcia,F,12-12-1968,Cebu City,PH9376277483,09451424185,O-,2015-12-03,H008
P0150,Leonora,Villanueva,F,1967-06-18,Passi,PH8956094389,09946434607,AB-,2020-11-25,H002
P0151,Jose,Chan,M,1982-03-21,Lipa,PH2176904638,09802858478,,2020-05-03,H003
P0152,Marco,Mendoza,M,1981-03-19,Muntinlupa,PH2911547690,09108657116,B-,2020-02-28,H003
P0153,Felix,Aguilar,M,22-11-1977,Pasig,PH9883760207,09704829337,B+,2015-10-21,H006
P0154,Rizalina,Mendoza,F,10/24/1990,Angeles City,PH7139177917,09949412096,O+,2017-04-09,H004
P0155,Nathan,Aguilar,M,24-04-1953,Angeles City,PH5100282913,09631381642,,2021-02-08,H010
P0156,Joaquin,Lim,M,12-07-1949,Iloilo City,PH3933213766,09918970742,A+,2022-02-01,H001
P0157,Isabella,Legaspi,F,1960-02-21,Iloilo City,PH5950724801,09189761677,AB+,2019-02-17,H003
P0158,Christian,Morales,M,February 15 1958,Davao City,PH3614915281,09432097676,,2017-02-01,H001
P0159,Cristina,Delos Santos,F,1992-01-11,Mabalacat,PH5569295400,09864851260,B+,2016-08-15,H001
P0160,Blessie,Tolentino,F,1953-01-02,Manila,PH2050340486,09606553372,AB+,2020-07-05,H001
P0161,Elijah,Lim,M,10/12/1973,Taguig,PH4873807154,09292569534,O+,2018-09-02,H002
P0162,Lourdes,Macaraeg,F,26-10-1967,Lipa,PH6336857629,09495430792,,2022-04-24,H004
P0163,Felix,Santos,M,1943-07-28,Lipa,PH1446457642,09668883968,A-,2018-07-16,H003
P0164,Vincent,Ang,M,04-10-1980,Lapu-Lapu,PH8816681105,09180348617,O-,2015-07-22,H004
P0165,Theresa,Lim,F,1971-02-07,Pasig,PH3511301900,09266870811,,2016-03-15,H007
P0166,Patrick,Gonzales,M,1966-12-23,Davao City,PH1173215225,09997567367,A+,2020-03-03,H006
P0167,Lorena,Reyes,F,09/24/1956,Iloilo City,PH2073108894,09596115163,,2016-03-04,H012
P0168,Isabella,Garcia,F,01-02-1974,Makati,PH8069459895,09968977829,,2017-02-28,H006
P0169,Mark,Chan,M,1961-11-14,Paranaque,PH2520174713,09300951978,B-,2019-05-15,H001
P0170,Lourdes,Pangilinan,F,1961-03-14,Las Pinas,PH8358870981,09615057244,O+,2023-08-12,H009
P0171,Maria,Delos Santos,F,08/17/2000,San Fernando,PH5293274004,09271395839,A+,2016-04-22,H009
P0172,Levi,Uy,M,1962-03-06,Muntinlupa,PH7839819230,09965661638,B+,2020-10-01,H006
P0173,Levi,Soriano,M,1983-02-02,Muntinlupa,PH3584122005,09121397518,B+,2023-08-01,H010
P0174,Joshua,Lim,M,1948-12-05,Taguig,PH8991514523,09177880216,O-,2020-12-22,H002
P0175,Christian,Soriano,M,1950-12-20,San Fernando,PH6048096802,09429448930,A+,2019-03-06,H010
P0176,Gabrielle,Castillo,F,1994-03-11,Makati,PH6317152031,09443080569,O+,2017-11-03,H006
P0177,Levi,Mendoza,M,1957-12-14,Paranaque,PH9094089209,09629442753,B-,2021-06-18,H008
P0178,Juan,Navarro,M,1979-02-11,Paranaque,PH9108603060,09272769884,A+,2016-09-03,H010
P0179,Christian,Aquino,M,1972-04-14,Iligan,PH7614788357,09809311588,AB-,2019-05-08,H007
P0180,Precious,Pangilinan,Female,1972-03-21,Lipa,PH5196430851,09608492614,O+,2016-05-26,H008
P0181,Blessie,Uy,F,1983-05-15,Cebu City,PH2131297865,09998806471,,2019-10-02,H002
P0182,Sofia,Castillo,F,2000-09-14,Iloilo City,PH9316609031,09714947283,B+,2018-08-10,H001
P0183,Lorena,Villanueva,F,1958-02-22,Mabalacat,PH7850677534,09443328397,O+,2016-02-13,H009
P0184,Bryan,Manalo,M,1976-03-19,Passi,PH4348118981,09943687944,AB-,2019-09-12,H005
P0185,Michelle,Flores,FEMALE,08-12-1964,Quezon City,PH8497938394,09388390253,AB-,2020-01-11,H005
P0186,Gabriel,Gutierrez,M,08/25/1969,Tanauan,PH3772636814,09301794412,O-,2022-04-27,H008
P0187,Aaron,Legaspi,M,1952-10-01,Paranaque,PH4577406847,09998696871,O+,2015-04-02,H006
P0188,Isabella,Torres,F,1954-10-15,Paranaque,PH7662927609,09469634556,AB+,2017-05-24,H002
P0189,Ryan,Castillo,M,09/01/1959,Cagayan de Oro,PH5333183840,09242071170,O+,2017-10-26,H013
P0190,Michelle,Sy,F,1956-05-22,Lapu-Lapu,PH1439427140,09649233665,A-,2020-09-21,H005
P0191,Isabella,Lim,F,1944-05-07,Pasig,PH9699264134,09634050001,B-,2019-05-14,H001
P0192,Ryan,Pangilinan,M,18-11-1975,Paranaque,PH2261792922,09605497119,B+,2017-12-09,H009
P0193,Maricel,Sy,F,1979-05-14,Tanauan,PH6891331174,09728751749,A-,2019-08-28,H001
P0194,Joshua,Uy,M,1976-03-07,Tanauan,PH2965254350,09439714150,A+,2017-02-16,H003
P0195,Veronica,Aquino,F,1980-03-20,Mabalacat,PH8015775567,09533140455,,2021-08-13,H015
P0196,Isaiah,Enriquez,M,11/24/1985,Muntinlupa,PH9061589784,09435106513,,2017-02-13,H005
P0197,Cynthia,Enriquez,F,1977-06-16,San Fernando,PH4221721910,09277042316,A+,2021-01-08,H003
P0198,Aaron,Cruz,M,1959-05-25,Iloilo City,PH3676343517,09737721108,,2015-11-04,H001
P0199,Lourdes,Gonzales,F,1947-04-23,Cagayan de Oro,PH3707166618,09423321334,B+,2021-11-04,H005
P0200,Bryan,Torres,M,1979-08-07,Davao City,PH6161147047,09855309458,AB-,2021-05-06,H008
P0201,Joaquin,Torres,Male,1980-09-03,Taguig,PH9180965181,09791851361,,2018-08-10,H001
P0202,Felix,Lim,M,1953-02-28,Quezon City,PH3779696951,09452896879,O-,2020-08-20,H002
P0203,Cynthia,Delos Santos,F,26-08-1958,Mabalacat,PH4422700486,09221393557,,2017-12-24,H003
P0204,Camille,Dela Torre,F,1984-06-20,Manila,PH4830092090,09618702826,O-,2022-02-14,H002
P0205,Nathan,Tan,M,12-08-1970,Cagayan de Oro,PH2653032484,09987380851,AB-,2023-10-02,H012
P0206,Jerome,Lim,M,1968-01-17,Muntinlupa,PH6921203386,09977357994,AB-,2018-02-15,H010
P0207,Elijah,Reyes,M,09/18/1983,Manila,PH4547251133,09950170825,O-,2019-09-18,H008
P0208,Ramon,Dizon,M,06/23/1947,Cebu City,PH1489726608,09915313588,O-,2018-01-11,H005
P0209,Jerome,Gutierrez,M,1946-04-07,Taguig,PH2687477596,09590749409,,2018-12-11,H007
P0210,Patrick,Macaraeg,M,1954-01-17,Quezon City,PH7808041613,09645818292,,2017-12-19,H003
P0211,Michelle,Ang,F,1964-05-15,Pasig,PH5888445909,09746955700,B-,2023-05-27,H006
P0212,Maribel,Gutierrez,F,23-06-1945,Taguig,PH8562471167,09703743777,O+,2022-10-19,H007
P0213,Rosario,Mendoza,F,1982-11-02,Las Pinas,PH4373835078,09407751103,A+,2019-03-27,H005
P0214,Corazon,Dizon,F,1979-09-13,Muntinlupa,PH8284816444,09844034445,A+,2015-07-13,H006
P0215,Corazon,Dela Torre,F,1979-12-23,Tagum,PH6126033644,09581911354,A-,2017-11-03,H003
P0216,Jennifer,Gutierrez,F,1969-01-11,Cebu City,PH1664885408,09265037749,O+,2020-10-02,H010
P0217,Patricia,Lim,F,1979-09-03,Lapu-Lapu,PH5979458346,09683127878,O-,2023-07-03,H004
P0218,Bryan,Enriquez,M,1947-11-01,Taguig,PH8168036130,09578531560,O-,2018-11-20,H004
P0219,Kenneth,Navarro,M,June 17 2004,Lapu-Lapu,PH7208619610,09147085363,B+,2019-11-07,H002
P0220,Rafael,Villanueva,M,1953-04-18,Iligan,PH9899689747,09836633647,,2017-01-15,H001
P0221,Sofia,Castillo,F,11/13/1957,Mabalacat,PH2358945892,09518224445,,2016-09-01,H010
P0222,Marco,Sy,M,October 03 1966,Lipa,PH7174772035,09524249629,O+,2015-08-06,H003
P0223,Emmanuel,Co,M,1950-03-04,Quezon City,PH9611537583,09740653308,O-,2021-09-18,H005
P0224,Gabriel,Gonzales,M,1943-10-28,Quezon City,PH3360791536,09412085927,O-,2016-05-04,H010
P0225,Bryan,Ocampo,M,06/20/1957,Cagayan de Oro,PH3508990774,09707256840,B-,2020-06-14,H006
P0226,Karen,Gutierrez,F,15-08-1965,San Fernando,PH8622566062,09622881542,B+,2023-02-06,H002
P0227,Emmanuel,Ocampo,M,1998-09-21,Manila,PH7781327255,09925922483,B+,2018-01-18,H009
P0228,Mark,Navarro,M,1953-02-13,San Fernando,PH3156792018,09811545609,,2018-10-22,H009
P0229,Jerome,Sy,M,1954-04-03,Batangas City,PH2586712032,09145965208,A+,2018-09-26,H008
P0230,Rosario,Delos Santos,F,03/13/1949,Tagum,PH6920691967,09731015334,O-,2016-09-09,H004
P0231,Melinda,Santos,F,1943-08-06,Muntinlupa,PH9921025990,09790928175,A-,2019-04-05,H006
P0232,Theresa,Torres,F,1946-08-07,Passi,PH8874242713,09124101254,,2018-01-05,H003
P0233,Andres,dela Cruz,M,11/01/1949,Cagayan de Oro,PH8822438146,09192071758,,2018-08-20,H008
P0234,Caleb,dela Cruz,M,08/20/1964,Passi,PH1295678014,09506101350,AB+,2021-03-04,H015
P0235,Emmanuel,Cruz,M,1943-02-16,Cagayan de Oro,PH4554178984,09932010779,AB+,2021-09-14,H001
P0236,Michelle,Sy,F,1969-08-25,Muntinlupa,PH5654961069,09742411514,A-,2023-07-09,H001
P0237,Patricia,Lim,F,1976-07-21,Passi,PH6384311581,09675638242,AB+,2021-10-12,H007
P0238,Lourdes,Dizon,F,1966-10-12,Iligan,PH6281827528,09940857164,A+,2017-02-07,H006
P0239,Caleb,Flores,M,07/03/1947,Makati,PH2129971523,09498181191,O+,2016-10-02,H007
P0240,Caleb,dela Cruz,M,1973-11-26,Lapu-Lapu,PH2228388623,09136087763,O-,2023-09-23,H003
P0241,Marco,Delos Santos,M,1960-07-19,Las Pinas,PH3223687972,09891267770,O-,2016-02-18,H009
P0242,Rowena,Macaraeg,F,1969-03-14,Lapu-Lapu,PH9900829971,09415950492,O+,2020-02-26,H005
P0243,Veronica,Morales,F,08/22/1964,Cebu City,PH4702361794,09617511527,B-,2016-05-03,H004
P0244,Rosario,Padilla,F,08-05-2006,Lipa,PH5694439775,09823377624,B-,2020-02-18,H008
P0245,Theresa,Ramos,F,1944-04-24,Muntinlupa,PH9043367776,09322026871,A-,2018-04-27,H010
P0246,Nathan,Soriano,M,09/02/2007,Mandaue,PH6649672597,09716885481,B-,2019-08-06,H009
P0247,Levi,Chan,M,1946-01-17,San Fernando,PH6045729129,09229244346,AB+,2023-08-11,H001
P0248,Corazon,Gonzales,F,1970-05-16,Davao City,PH6768555384,09297475805,AB+,2022-07-07,H006
P0249,Mark,Castillo,M,1995-04-18,Mabalacat,PH8972785319,09310521278,,2017-12-05,H001
P0250,Precious,Gonzales,F,1975-01-07,Batangas City,PH3705237613,09583027931,O+,2020-05-12,H009
P0251,Corazon,Ramos,F,1985-05-12,Tanauan,PH8458323087,09184189438,O-,2021-10-10,H003
P0252,Rizalina,Garcia,F,1965-06-21,Lipa,PH8346255879,09750027161,AB-,2021-05-15,H006
P0253,Angelo,Morales,M,12/24/1975,Makati,PH1904397668,09526324454,A+,2016-02-03,H008
P0254,Bryan,Flores,M,1997-07-10,Muntinlupa,PH6515490818,09772678518,,2017-03-17,H001
P0255,Cynthia,Padilla,F,1977-12-18,Paranaque,PH7587552692,09472769123,AB+,2022-09-08,H008
P0256,Karen,Navarro,female,10-08-1954,Manila,PH8584350472,09956808156,AB+,2019-10-08,H009
P0257,Lorena,Uy,F,1980-07-21,Muntinlupa,PH6462619080,09796275440,,2023-05-14,H002
P0258,Jennifer,Soriano,F,1976-01-18,Manila,PH5734228580,09389046078,,2017-12-15,H004
P0259,Eduardo,Soriano,M,06/03/1983,Pasig,PH5535650160,09932850970,O+,2021-02-18,H004
P0260,Isaiah,Morales,M,08-08-1958,Quezon City,PH6150438341,09889546822,O+,2016-09-22,H008
P0261,Juan,Dizon,M,05/07/1945,San Fernando,PH4811867564,09815858075,,2018-02-08,H006
P0262,Gabriel,Santos,M,1955-12-20,Pasig,PH1384313264,09269327426,,2022-02-22,H001
P0263,Gabriel,Lim,M,1963-08-24,Las Pinas,PH9681644296,09505626309,AB-,2020-12-05,H001
P0264,Lorena,Padilla,F,1956-05-28,Davao City,PH3381646593,09173955669,AB-,2023-03-15,H005
P0265,Blessie,Reyes,F,1961-04-11,Makati,PH2664260498,09662715631,O-,2022-09-05,H006
P0266,Miguel,Cruz,male,1973-02-02,Passi,PH7830290429,09152705290,B-,2020-04-20,H001
P0267,Ryan,Bautista,M,1959-06-26,Iligan,PH7944675764,09668031793,A-,2015-12-03,H002
P0268,Rafael,Ramos,M,24-09-1974,Iloilo City,PH8152161448,09211779101,AB-,2017-03-18,H006
P0269,Angelica,Co,F,1955-07-27,Tanauan,PH3613115539,09704672023,AB-,2023-04-13,H005
P0270,Precious,Reyes,Female,1990-05-01,Lipa,PH5227941857,09330664237,B+,2020-01-25,H005
P0271,Cristina,Gonzales,F,1961-04-08,Batangas City,PH8778504632,09198682372,B+,2021-10-07,H006
P0272,Eduardo,Cruz,M,1982-06-12,Mabalacat,PH4727306207,09927200028,AB+,2018-12-21,H001
P0273,Mark,Flores,M,1971-03-02,Cagayan de Oro,PH3167796058,09338462628,AB-,2021-05-26,H003
P0274,Andres,Garcia,M,1977-03-16,Iloilo City,PH6145836928,09524470332,A-,2018-09-20,H009
P0275,Maribel,Tolentino,F,1959-07-12,San Fernando,PH6113114506,09469930807,AB-,2015-05-06,H010
P0276,Rowena,Co,female,1988-02-04,Quezon City,PH2235598059,09468584828,B-,2016-05-15,H006
P0277,Gabrielle,Flores,F,1943-09-02,Batangas City,PH1731517326,09404957218,A+,2018-12-20,H008
P0278,Maribel,Co,F,1944-07-08,Angeles City,PH4048090198,09438718269,AB-,2022-10-18,H004
P0279,Ramon,Soriano,MALE,12-01-1957,Cagayan de Oro,PH6806422489,09771336642,AB+,2019-04-17,H001
P0280,Andres,Castillo,M,1960-11-05,Makati,PH8429819540,09659116527,O-,2018-07-08,H007
P0281,Angelo,Manalo,M,1982-05-23,Iligan,PH4906542112,09561778017,,2017-11-19,H006
P0282,Caleb,Flores,M,2004-07-14,Lipa,PH2175945569,09936560721,B-,2018-02-05,H010
P0283,Felix,Garcia,M,08/23/1947,Tagum,PH2606143397,09516032315,,2022-08-05,H004
P0284,Christian,Castillo,M,1982-02-06,Cebu City,PH6354895816,09534722381,A+,2015-10-24,H006
P0285,Blessie,Cruz,F,1960-12-02,Iloilo City,PH5134302513,09303850254,AB+,2019-08-13,H005
P0286,Emmanuel,Flores,M,1948-08-03,Lapu-Lapu,PH1486068287,09936156197,,2023-03-13,H008
P0287,Marco,Gonzales,M,1966-12-26,Paranaque,PH1530618370,09222583664,B+,2022-11-12,H007
P0288,Maribel,Tan,female,25-03-1976,Iligan,PH5515344181,09430779274,A-,2019-12-25,H005
P0289,Jose,Macaraeg,MALE,26-09-1944,Manila,PH3119423746,09332866519,B-,2022-08-14,H010
P0290,Lourdes,Villanueva,F,1982-11-12,Quezon City,PH9729229346,09720722322,B+,2019-06-03,H007
P0291,Elijah,Manalo,M,1961-02-25,Lipa,PH6681476601,09506883029,A-,2016-07-27,H005
P0292,Leonora,Enriquez,F,02-10-1981,Taguig,PH5671505977,09877468683,O-,2019-07-20,H005
P0293,Isabella,Soriano,F,1944-10-08,Iligan,PH1831314297,09226923950,AB+,2015-08-21,H004
P0294,Fe,Villanueva,F,2006-12-10,Batangas City,PH4393863868,09430468261,,2019-09-18,H001
P0295,Gabrielle,Reyes,F,11/16/1964,Mandaue,PH4424181518,09793263796,AB-,2017-08-05,H009
P0296,Ana,Enriquez,F,1965-09-18,Manila,PH8239138603,09958494527,AB+,2020-02-05,H001
P0297,Dennis,dela Cruz,M,1993-05-23,Tanauan,PH4048739665,09391518128,O+,2021-02-16,H006
P0298,Karen,Cruz,F,1982-08-17,Manila,PH8726754729,09636929225,O-,2017-04-11,H009
P0299,Vincent,Gutierrez,M,1981-08-13,Iligan,PH1497511785,09433913647,A+,2015-11-28,H002
P0300,Isabella,Villanueva,FEMALE,1967-05-18,Tanauan,PH8614062614,09820613955,,2016-05-05,H002
P0301,Felix,Dizon,M,1967-10-08,Paranaque,PH5600953105,09758486006,A+,2020-09-15,H001
P0302,Dennis,dela Cruz,M,1950-05-11,Las Pinas,PH3291300350,09911472797,,2022-10-05,H008
P0303,Maricel,Flores,F,1974-07-06,Iligan,PH6689805567,09623456368,B+,2015-02-16,H008
P0304,Cristina,Legaspi,F,1979-06-18,Tagum,PH7274839226,09734083157,AB+,2021-04-20,H003
P0305,Mark,Chan,M,1964-09-23,Muntinlupa,PH3875932424,09893889313,AB-,2022-02-19,H006
P0306,Marites,Uy,F,1943-01-03,Las Pinas,PH4509132563,09723594774,AB-,2015-03-22,H009
P0307,Fe,Aguilar,F,1952-06-03,Passi,PH9624806504,09648063464,A+,2021-03-28,H006
P0308,Precious,Reyes,F,1948-07-21,Tanauan,PH8352011852,09535974242,B-,2021-07-18,H003
P0309,Cristina,Navarro,F,1981-11-01,Pasig,PH5252952412,09190906681,AB+,2017-11-26,H008
P0310,Lourdes,Dela Torre,F,July 20 1974,Manila,PH7777194242,09884812266,A+,2018-12-17,H009
P0311,Marites,Manalo,F,1946-02-05,Lapu-Lapu,PH8640187694,09599221581,A-,2023-02-17,H002
P0312,Blessie,Tan,F,1953-08-19,Tanauan,PH7103217717,09957085656,O+,2019-05-06,H010
P0313,Sofia,Bautista,F,1970-10-01,Lipa,PH3082029167,09236173369,,2023-02-28,H005
P0314,Gabrielle,dela Cruz,Female,06/26/1988,Paranaque,PH4009805180,09620677295,B+,2017-09-28,H002
P0315,Maricel,Dela Torre,F,1963-01-21,Batangas City,PH1498192006,09279959558,AB+,2022-07-16,H009
P0316,Christian,Santos,M,1971-08-13,Cagayan de Oro,PH5105433614,09204544138,O+,2023-11-12,H007
P0317,Jennifer,Manalo,F,12/22/1970,Passi,PH4309260670,09658294552,A+,2020-11-23,H006
P0318,Vincent,Mendoza,M,05/07/1967,Quezon City,PH9691727358,09198721207,A-,2015-10-22,H004
P0319,Bryan,Gutierrez,M,11/19/1959,Paranaque,PH4848297723,09846952406,O+,2017-05-10,H002
P0320,Veronica,Ocampo,F,1972-07-13,Tanauan,PH5277609488,09377281586,B+,2019-03-15,H004
P0321,Isaiah,Chan,M,1980-02-15,Iligan,PH2112380464,09137431602,,2016-02-19,H008
P0322,Nathan,Uy,M,1964-07-19,Manila,PH7402419515,09568213353,A+,2021-12-25,H002
P0323,Lourdes,Sy,F,1965-07-02,Tagum,PH3779163450,09492297332,B+,2023-06-03,H005
P0324,Precious,Uy,F,06/16/1994,Makati,PH1813743830,09138330751,A-,2018-01-24,H004
P0325,Luz,Dela Torre,F,1982-06-26,Quezon City,PH2741642976,09327287704,,2023-08-22,H009
P0326,Jerome,Reyes,male,10/02/1947,Muntinlupa,PH1560655311,09284950962,A-,2015-05-27,H008
P0327,Bryan,Castillo,M,1999-07-11,Cagayan de Oro,PH7021581129,09229710628,B+,2023-03-11,H004
P0328,Isaiah,Ang,M,1986-09-06,Cebu City,PH3499610004,09243205892,,2016-11-20,H003
P0329,Aaron,Manalo,Male,1955-12-05,Las Pinas,PH7229502736,09356896763,A-,2017-10-23,H003
P0330,Maria,Dizon,F,1952-02-20,San Fernando,PH3179870948,09598448142,AB-,2018-05-02,H003
P0331,Juan,Bautista,M,1958-05-11,Davao City,PH8552304952,09146511793,,2016-12-02,H003
P0332,Gabriel,Dela Torre,M,1965-04-25,Taguig,PH2400727238,09205295567,A-,2018-12-14,H007
P0333,Leonora,Flores,F,1980-08-06,Angeles City,PH2604106208,09591494788,A+,2018-11-12,H004
P0334,Carlo,Macaraeg,M,1964-04-10,Davao City,PH4889428336,09720753175,B-,2023-04-03,H009
P0335,Theresa,Chan,F,1958-10-08,Passi,PH5064122912,09716006526,A+,2015-07-02,H008
P0336,Fe,Mendoza,F,1980-09-25,Manila,PH1936330742,09484835170,O+,2019-04-21,H001
P0337,Theresa,Manalo,F,2004-08-25,Pasig,PH2741009563,09948104335,A-,2020-11-15,H001
P0338,Precious,Chan,F,18-10-1973,Passi,PH4412260278,09945777677,O-,2016-10-11,H001
P0339,Patrick,Cruz,M,09/23/1944,Makati,PH4322481528,09248612097,B-,2020-04-18,H008
P0340,Emmanuel,Delos Santos,M,1943-05-02,Makati,PH6896190289,09585772239,O+,2022-09-17,H008
P0341,Patricia,Ocampo,F,1983-08-03,Makati,PH6062958224,09182621546,B-,2016-03-09,H003
P0342,Nathan,Padilla,M,1959-08-24,Tagum,PH5387233056,09303002339,AB+,2016-01-28,H009
P0343,Camille,Enriquez,F,March 26 1949,Lipa,PH2116723521,09619952085,AB-,2020-05-25,H003
P0344,Eduardo,dela Cruz,M,1985-12-22,Pasig,PH1692583718,09225539035,B-,2015-06-19,H005
P0345,Felix,Flores,M,09/10/1975,Taguig,PH4953233832,09534395495,,2022-03-15,H003
P0346,Precious,Pangilinan,F,1970-10-22,Pasig,PH9256181725,09463659637,A-,2016-12-16,H003
P0347,Maricel,Dela Torre,F,1982-10-21,Las Pinas,PH2193688100,09124211427,AB+,2016-09-28,H002
P0348,Rosario,Bautista,F,06/13/1958,San Fernando,PH5347326358,09470355261,AB-,2020-05-15,H002
P0349,Precious,Aquino,F,05-07-1953,Passi,PH3568114320,09254231505,A-,2018-05-16,H009
P0350,Leonora,Delos Santos,F,1956-12-19,Pasig,PH1855804722,09993657840,O+,2021-05-18,H005
P0351,Fe,Santos,F,1945-11-16,Taguig,PH9129026739,09547918677,,2017-08-23,H001
P0352,Felix,Manalo,M,1969-11-22,Mandaue,PH4514489277,09500722831,,2023-12-19,H013
P0353,Patricia,Gutierrez,F,1968-06-14,Tagum,PH2528941040,09411230727,,2019-09-21,H009
P0354,Miguel,Padilla,M,1966-11-26,Lipa,PH2557023069,09673829455,AB-,2020-03-01,H005
P0355,Angelo,Legaspi,M,1979-09-20,Iligan,PH5784450697,09594448830,O+,2016-02-27,H001
P0356,Emmanuel,Enriquez,M,1966-01-24,Taguig,PH1955019690,09845439079,,2017-12-08,H004
P0357,Isaiah,Pangilinan,M,26-01-1979,Cagayan de Oro,PH5549509559,09227691754,A-,2019-01-03,H001
P0358,Rafael,dela Cruz,M,12/09/1976,Passi,PH6788913862,09272397121,,2023-12-20,H010
P0359,Aaron,Ramos,M,1951-01-24,Taguig,PH4969546654,09641375551,A-,2022-06-23,H008
P0360,Leonora,Villanueva,F,1965-02-15,Taguig,PH3232212989,09632378393,,2020-12-10,H001
P0361,Gabrielle,Aguilar,F,1959-05-28,Mabalacat,PH8211813187,09292518998,A-,2015-11-16,H007
P0362,Sofia,Mendoza,F,1973-06-07,Davao City,PH2736408179,09350041868,AB+,2021-12-16,H010
P0363,Rosario,Delos Santos,F,February 04 1989,Batangas City,PH7396672521,09347843014,A+,2017-01-04,H002
P0364,Angelica,Flores,F,February 25 1969,Makati,PH3001548533,09415210792,A+,2022-08-17,H006
P0365,Emmanuel,Torres,M,1961-08-15,Quezon City,PH1141131770,09697716156,AB+,2019-12-06,H003
P0366,Jerome,Dizon,M,1975-09-02,Angeles City,PH6426222971,09734629857,A+,2021-10-22,H005
P0367,Felix,Manalo,M,2004-11-11,Angeles City,PH5713082583,09470594501,O+,2020-07-12,H004
P0368,Carlo,Tan,M,1965-01-15,Cagayan de Oro,PH9003106855,09709938401,O-,2023-07-09,H014
P0369,Marites,Soriano,F,1995-04-11,Mandaue,PH2458310741,09760166400,B-,2019-06-14,H002
P0370,Mark,Chua,M,02/23/1979,Passi,PH9996812354,09461677118,O-,2019-02-19,H008
P0371,Precious,Chan,F,20-05-1960,Lapu-Lapu,PH9669835245,09855196603,AB+,2023-03-19,H008
P0372,Felix,Macaraeg,M,1966-07-14,Tanauan,PH4913307055,09780674456,B-,2018-07-09,H003
P0373,Jose,Morales,M,1950-07-14,Tagum,PH4889761307,09316885657,B+,2017-05-05,H013
P0374,Jerome,Reyes,M,2000-02-11,Davao City,PH9397041061,09490234548,A-,2016-07-27,H003
P0375,Rizalina,Morales,F,1992-06-11,Passi,PH8461373338,09965265838,O+,2018-07-07,H003
P0376,Ana,Soriano,F,02/11/1960,Iloilo City,PH7115094199,09833084825,O-,2018-05-26,H006
P0377,Emmanuel,Cruz,M,2001-11-08,Batangas City,PH7668915569,09432074523,AB+,2020-11-04,H004
P0378,Maribel,Gonzales,F,1970-05-07,Paranaque,PH9228688342,09777909802,AB-,2020-11-14,H005
P0379,Angelica,Chan,F,1995-12-09,Lapu-Lapu,PH5580012388,09551906293,B+,2023-12-11,H001
P0380,Ryan,Aguilar,male,1978-03-08,Lapu-Lapu,PH9329737841,09584783589,O+,2022-12-05,H010
P0381,Michelle,Uy,F,1984-09-21,Davao City,PH3691344010,09195537862,,2022-04-09,H003
P0382,Karen,Aquino,F,1952-07-25,Cebu City,PH3122353925,09341037805,AB-,2018-04-28,H005
P0383,Gabrielle,Villanueva,F,1971-04-14,Paranaque,PH1626819783,09411592314,AB-,2019-04-20,H004
P0384,Angelica,Chua,F,December 14 1980,Davao City,PH2100480553,09202305498,O-,2023-01-02,H004
P0385,Eduardo,Chua,m,1950-01-19,Paranaque,PH2117944144,09640893920,AB+,2022-06-15,H006
P0386,Angelo,Soriano,M,1972-07-10,Batangas City,PH6639336381,09277150029,AB-,2020-12-16,H003
P0387,Miguel,Cruz,M,1956-07-04,Mandaue,PH5470166352,09482810555,,2023-08-15,H003
P0388,Lorena,Legaspi,F,1943-10-07,Passi,PH9607654443,09923396372,O-,2017-07-03,H008
P0389,Mark,Mendoza,M,1980-08-27,Iligan,PH8127667126,09587538394,AB-,2019-10-22,H011
P0390,Juan,Navarro,M,03-12-1966,Iloilo City,PH2638061586,09528271054,,2019-03-08,H007
P0391,Dennis,Navarro,M,1954-07-24,Lipa,PH3592071203,09485520835,AB-,2016-06-17,H008
P0392,Leonora,Co,F,1958-02-02,Lapu-Lapu,PH3253473926,09412139994,B+,2022-07-03,H008
P0393,Rosario,Chan,F,02/02/1950,Lapu-Lapu,PH7119956976,09201451808,A-,2022-11-24,H005
P0394,Nathan,Macaraeg,M,1985-07-02,Makati,PH8320250168,09437097333,B+,2022-11-15,H005
P0395,Bryan,Gonzales,M,1984-01-13,Taguig,PH1057142828,09804160934,O+,2022-08-23,H010
P0396,Patricia,Chua,F,01/07/1977,Taguig,PH4504556843,09847359140,AB+,2018-01-07,H003
P0397,Isaiah,Macaraeg,M,1984-02-06,Pasig,PH7378227601,09121075163,AB+,2022-10-08,H010
P0398,Joshua,Chan,M,1954-12-19,Davao City,PH9585752886,09139746932,AB-,2022-07-16,H010
P0399,Christian,Tolentino,M,1968-11-14,Mandaue,PH5797223937,09768615479,B-,2020-08-23,H003
P0400,Maricel,Manalo,F,1964-12-22,Cebu City,PH8350343413,09547601168,O+,2020-08-26,H003
P0401,Angelo,dela Cruz,M,1954-02-26,Mabalacat,PH7415500367,09352027504,O-,2018-09-02,H006
P0402,Emmanuel,Legaspi,M,06/14/2003,Taguig,PH3652412568,09229587788,A+,2023-04-16,H006
P0403,Corazon,Legaspi,F,26-08-1994,Cebu City,PH4245983126,09213700517,B-,2016-09-02,H003
P0404,Aaron,Dela Torre,M,1979-03-21,San Fernando,PH1591728242,09316778095,AB-,2022-07-25,H004
P0405,Felix,Ang,M,05-04-1961,Lapu-Lapu,PH1980034265,09960892562,O-,2021-07-14,H009
P0406,Maria,Enriquez,F,1965-07-25,Paranaque,PH2864326250,09522266433,,2015-11-21,H010
P0407,Blessie,Dizon,F,1969-06-12,Manila,PH8846920528,09666712063,AB-,2017-12-13,H004
P0408,Blessie,Aguilar,F,1964-07-24,Pasig,PH7617643635,09329495689,B+,2016-09-18,H006
P0409,Veronica,Aguilar,F,1953-02-24,Quezon City,PH8909540656,09378911373,A+,2023-06-04,H002
P0410,Mark,Tolentino,M,11/26/1967,Iligan,PH4167591308,09212986551,B+,2020-09-19,H006
P0411,Ana,Chan,F,February 12 1957,Cagayan de Oro,PH7555217903,09731617307,AB+,2023-09-25,H005
P0412,Leonora,Aquino,F,15-12-1954,Pasig,PH3272643775,09845682242,O-,2018-08-16,H003
P0413,Christian,Torres,M,1967-01-17,Pasig,PH5800666263,09427410286,,2020-05-10,H003
P0414,Eduardo,Navarro,M,1954-01-04,Iloilo City,PH2497435811,09147977445,AB+,2021-08-19,H008
P0415,Vincent,Macaraeg,M,28-03-1950,Tanauan,PH7973263691,09515790548,A-,2018-07-11,H008
P0416,Levi,Aguilar,M,07-02-1992,Davao City,PH4253932355,09712295241,,2023-04-25,H001
P0417,Andres,Villanueva,M,1976-10-15,Makati,PH7901388916,09531427170,AB+,2015-08-28,H006
P0418,Rizalina,Torres,F,1967-03-06,Batangas City,PH4299843529,09265600378,B+,2019-07-22,H010
P0419,Carlo,Lim,M,1965-05-13,Taguig,PH1222814829,09357293193,O+,2018-08-17,H007
P0420,Rizalina,Pangilinan,F,01/09/1971,Iloilo City,PH3899521378,09364479890,A-,2023-11-26,H010
P0421,Angelo,Co,M,14-09-1986,Iloilo City,PH2940217134,09101074879,,2022-10-10,H003
P0422,Jennifer,Uy,F,04/19/1963,Lapu-Lapu,PH2208222796,09273319432,B+,2023-10-03,H007
P0423,Rowena,Legaspi,F,1967-06-21,Batangas City,PH8334747974,09393145630,O-,2018-11-11,H008
P0424,Jose,Pangilinan,M,11/06/2007,Mabalacat,PH3797168211,09678370314,AB+,2015-11-15,H006
P0425,Luz,Santos,F,08/01/1973,Muntinlupa,PH4191781111,09914348348,O+,2019-11-23,H002
P0426,Jerome,Co,M,04/01/1947,Las Pinas,PH8037029503,09219127926,,2019-10-17,H009
P0427,Angelo,Ocampo,M,1949-04-17,Batangas City,PH3911896416,09844087852,,2023-10-09,H008
P0428,Ramon,Chan,M,1952-08-16,San Fernando,PH4097617527,09150427906,O-,2019-07-18,H001
P0429,Gabriel,Chan,M,04/06/1998,Tanauan,PH2334901018,09772156679,O-,2016-01-16,H001
P0430,Gabriel,Tan,M,2001-09-26,Muntinlupa,PH5052505985,09932954653,,2022-02-21,H002
P0431,Emmanuel,Ocampo,M,1957-01-10,Davao City,PH7984412292,09170641753,AB+,2016-11-02,H005
P0432,Gabrielle,Santos,F,10/20/1958,Taguig,PH4362655061,09587561211,,2023-06-19,H002
P0433,Angelo,Legaspi,M,1955-12-20,Cebu City,PH1798534963,09247824939,O-,2015-01-05,H007
P0434,Eduardo,Tan,M,September 19 1985,Cagayan de Oro,PH3913277923,09161544356,B-,2018-09-27,H001
P0435,Ramon,Ramos,M,1947-08-20,Iligan,PH9431299488,09761535711,A+,2019-07-11,H008
P0436,Aaron,Castillo,M,1948-04-16,Tanauan,PH2614528899,09529832349,,2017-01-12,H013
P0437,Isabella,Manalo,F,1984-04-07,Lipa,PH1747954010,09381319126,,2017-06-28,H003
P0438,Maria,Gutierrez,F,11-02-1959,Las Pinas,PH6605243179,09357859027,AB+,2020-06-22,H009
P0439,Emmanuel,Gutierrez,M,12/12/1961,Tanauan,PH7870011337,09783053289,O+,2018-01-25,H004
P0440,Isabella,Delos Santos,F,1991-10-16,Las Pinas,PH4123723470,09942527868,O-,2022-11-20,H009
P0441,Patricia,Co,F,1946-08-16,Batangas City,PH7791145117,09785160666,AB+,2015-04-08,H008
P0442,Sofia,Aquino,F,1980-03-25,Makati,PH6562188890,09657079511,AB+,2020-04-19,H009
P0443,Fe,Soriano,F,1984-03-15,Muntinlupa,PH5620905678,09188496207,B-,2019-09-17,H002
P0444,Kenneth,Ramos,M,1964-05-10,Cagayan de Oro,PH8926139828,09304700754,,2017-12-24,H005
P0445,Michelle,Chua,F,1953-03-28,Angeles City,PH1977442187,09876675996,AB-,2018-08-08,H009
P0446,Rafael,Chan,M,1957-09-01,San Fernando,PH4752728579,09428105366,AB+,2015-08-26,H006
P0447,Patricia,Padilla,F,October 26 1984,Quezon City,PH4960579149,09265024710,AB+,2020-10-21,H010
P0448,Marco,Padilla,M,1979-06-19,Cebu City,PH2308442317,09284064756,B+,2016-11-18,H010
P0449,Maricel,Navarro,F,September 01 1962,Paranaque,PH9202582000,09519946090,AB+,2017-02-05,H008
P0450,Rafael,Aguilar,M,1952-11-16,Paranaque,PH9328604121,09730814687,B+,2018-09-23,H005
P0451,Maricel,Enriquez,F,1965-08-15,Cebu City,PH3474471345,09891659872,O+,2016-05-21,H008
P0452,Miguel,Chan,M,1943-03-23,Passi,PH5705283453,09850164093,A-,2015-04-28,H009
P0453,Christian,Dizon,M,1992-02-25,Taguig,PH8642940018,09540337297,A-,2022-03-09,H001
P0454,Theresa,Chua,F,1985-05-04,Iligan,PH4939073335,09451232074,AB-,2022-08-15,H009
P0455,Lorena,Reyes,F,09/24/1978,Angeles City,PH1723501739,09820901832,,2015-11-09,H006
P0456,Juan,Enriquez,M,1966-08-02,Davao City,PH1020039169,09929368594,,2021-04-08,H004
P0457,Ramon,Ramos,M,06-11-1979,Paranaque,PH5483999597,09650292797,AB+,2016-06-11,H004
P0458,Carlo,Sy,M,11-11-1960,Manila,PH2671543978,09592606909,A-,2018-02-22,H010
P0459,Gabrielle,Soriano,F,October 06 1994,Batangas City,PH5119022697,09744102442,O-,2020-11-23,H003
P0460,Maria,Manalo,F,12/08/1945,Lapu-Lapu,PH5245063515,09349758689,AB+,2015-10-25,H005
P0461,Felix,Soriano,M,1961-04-21,Quezon City,PH9063079139,09244168106,AB+,2019-06-21,H001
P0462,Maricel,Tan,F,January 22 1951,Muntinlupa,PH9043210080,09659926223,A-,2020-03-15,H002
P0463,Angelo,Villanueva,M,1948-09-27,Las Pinas,PH5630681326,09878451124,B-,2022-05-06,H004
P0464,Rowena,Delos Santos,F,1962-07-13,Paranaque,PH7316666310,09553867727,AB-,2023-10-24,H003
P0465,Rizalina,Aguilar,F,1974-05-13,Cebu City,PH6608571382,09404111334,,2021-09-20,H006
P0466,Jose,Santos,M,16-06-1943,Angeles City,PH9270780160,09523751880,,2020-07-16,H010
P0467,Mark,Aquino,M,25-05-1983,San Fernando,PH8252006746,09847813304,A+,2015-11-13,H004
P0468,Camille,Reyes,F,1956-11-05,Batangas City,PH1693325479,09225338571,A-,2016-11-23,H007
P0469,Miguel,Chan,M,1975-09-18,Cagayan de Oro,PH9103103846,09729298362,,2019-12-14,H002
P0470,Jennifer,Villanueva,F,1957-01-06,Mandaue,PH1006779966,09174991729,,2021-09-14,H007
P0471,Miguel,Legaspi,M,1972-03-07,Quezon City,PH4220863567,09968848930,,2018-05-28,H010
P0472,Dennis,Torres,M,1984-10-08,Mandaue,PH4266466941,09110207613,A+,2015-05-25,H010
P0473,Vincent,Delos Santos,M,1964-10-14,Tanauan,PH9118141883,09438468976,,2018-06-22,H010
P0474,Maria,Macaraeg,F,1956-03-01,Davao City,PH7574002953,09850829666,B-,2018-06-15,H008
P0475,Corazon,Cruz,FEMALE,1966-04-20,Mandaue,PH5644445498,09559471600,O+,2022-11-28,H002
P0476,Emmanuel,Tolentino,M,1954-02-10,Cagayan de Oro,PH3004903816,09579196694,A-,2016-08-22,H004
P0477,Joaquin,Lim,M,1958-04-24,Batangas City,PH8155126397,09820052632,,2016-11-05,H008
P0478,Isaiah,Ocampo,M,11/21/1961,Iloilo City,PH2002305548,09378200009,B-,2016-05-03,H006
P0479,Angelo,Lim,M,1985-05-02,Passi,PH3300397566,09516768084,B-,2021-06-25,H003
P0480,Patrick,Lim,M,1989-05-27,Muntinlupa,PH2957579670,09745818574,O+,2019-03-24,H001
P0481,Joshua,Tolentino,M,16-04-1946,Lipa,PH2617951253,09969956555,A+,2020-03-27,H004
P0482,Elijah,Chua,M,1969-11-28,Paranaque,PH5256584102,09688349223,AB+,2021-06-14,H006
P0483,Maribel,Ramos,F,1965-10-28,Quezon City,PH8342622550,09591271783,B+,2017-10-05,H008
P0484,Jose,Co,M,March 13 1994,Mabalacat,PH1241941984,09481805252,AB+,2022-03-02,H009
P0485,Marites,Morales,F,1947-03-21,Angeles City,PH6936078258,09778962940,,2022-06-01,H002
P0486,Andres,Mendoza,m,12/14/1944,Lipa,PH3454243528,09206774236,,2020-02-23,H009
P0487,Caleb,Padilla,M,1948-09-23,Tagum,PH4234059678,09807147441,,2016-03-28,H003
P0488,Cristina,Tolentino,F,1981-02-18,Batangas City,PH1150346559,09233913984,A+,2023-05-12,H003
P0489,Vincent,Navarro,M,1954-12-11,Lapu-Lapu,PH9576178517,09750872368,B-,2023-09-07,H001
P0490,Bryan,Dizon,M,24-03-1968,Davao City,PH2812540682,09690395452,A-,2019-05-13,H003
P0491,Cristina,Padilla,F,1968-11-23,Tagum,PH3598217672,09550634913,B-,2017-06-26,H001
P0492,Nathan,Dizon,M,02/12/1945,Tanauan,PH8636756590,09257120244,A-,2018-05-01,H004
P0493,Elijah,Aguilar,M,12/19/1963,Lipa,PH7663823156,09752262668,,2016-01-06,H007
P0494,Cristina,Gonzales,F,2006-12-05,Cagayan de Oro,PH1542747974,09506734117,B-,2019-01-24,H006
P0495,Lorena,Dela Torre,F,09/10/1962,Batangas City,PH9386423260,09658984263,O-,2018-05-21,H005
P0496,Gabriel,Garcia,M,1980-12-10,Iloilo City,PH9287521677,09967955890,A-,2015-07-22,H003
P0497,Elijah,Santos,M,1953-12-12,Muntinlupa,PH9771852156,09581736456,,2017-11-25,H004
P0498,Juan,Chan,M,11-02-1962,Cagayan de Oro,PH5801195339,09421239920,O+,2022-05-09,H010
P0499,Emmanuel,Soriano,M,1946-08-11,Lipa,PH2519957781,09105534508,,2020-12-06,H001
P0500,Emmanuel,Flores,M,1954-01-05,Cagayan de Oro,PH2074320602,09605408862,O+,2021-06-10,H003
